streetname, postalcode
1st Street,50702
2nd Street,50702
3rd Street,50702
4th Street,50702
6th Street,50701
A B Avenue,50701
A E Mayner Court,50702
Acadia Street,50702
Acker Road,50701
Ackermant Street,50703
Acorn Lane,50701
Adams Street,50703
Adrian Street,50703
Afton Drive,50701
Airline Circle,50703
Airport Boulevard,50703
Alabar Avenue,50701
Aladdin Street,50701
Albany Street,50703
Alexander Road,50703
Alexandra Drive,50702
Alice Avenue,50701
Allen Road,50703
Allen Street,50701
Allen Street,50702
Almond Street,50703
Alpine Drive,50702
Alta Vista Avenue,50703
Amherst Avenue,50702
Amity Drive,50701
Anderson Avenue,50703
Anderson Drive,50701
Andora Drive,50703
Angeles Drive,50703
Angus Drive,50701
Anita Street,50703
Ankeny Street,50703
Ansborough Avenue,50701
Applewood Drive,50701
April Street,50701
Archer Avenue,50703
Arden Street,50701
Ardmore Street,50701
Argyle Court,50703
Argyle Street,50703
Arizona Street,50703
Asbury Lane,50701
Ash Street,50703
Ashland Avenue,50703
Aspen Court,50701
Aspen Drive,50701
Aster Lane,50701
Auburn Street,50701
Audubon Drive,50701
Augusta Circle,50701
Autumn Lane,50701
Avis Court,50703
Avon Avenue,50703
Azalea Drive,50702
Balsam Street,50702
Baltimore Street,50702
Baltimore Street,50701
Barclay Street,50703
Barryington Drive,50701
Barton Avenue,50702
Bates Street,50703
Bauch Street,50701
Bay Berry Drive,50702
Bayard Street,50702
Bayard Street,50701
Beck Avenue,50701
Beck Road,50701
Beech Street,50703
Bellaire Road,50701
Belle Street,50702
Belleview Road,50701
Belmont Avenue,50701
Berkshire Road,50701
Berlin Street,50701
Bertch Avenue,50702
Bethel Street,50702
Betsworth Drive,50703
Beverly Hill Street,50701
Big Rock Road,50703
Birmingham Avenue,50702
Bishop Avenue,50703
Bismark Avenue,50701
Black Hawk Road,50701
Black Hawk Street,50702
Blackwood Avenue,50701
Blaine Road,50701
Block Street,50703
Blowers Avenue,50703
Blue Bonnet Drive,50702
Blue Sage Road,50701
Blue Wing Drive,50701
Bluff Street,50702
Bobbi Lane,50701
Bobolink Drive,50702
Boggs Road,50703
Bolton Street,50702
Bopp Street,50702
Border Drive,50703
Boston Avenue,50703
Bourland Avenue,50702
Box Elder Lane,50703
Bradley Road,50701
Bratnober Street,50703
Breeden Court,50701
Brees Street,50703
Brentwood Avenue,50701
Bristol Road,50701
Broadway Street,50703
Brockway Road,50701
Brookeridge Drive,50702
Brookeridge Drive,50701
Brookpark Road,50702
Brooks Street,50703
Bruce Lane,50701
Bryant Avenue,50703
Burbank Avenue,50702
Burton Avenue,50703
Butler Avenue,50703
Butternut Lane,50703
Buzz Court,50701
Byrnbrae Street,50701
Byrnes Drive,50701
Byron Avenue,50702
Cactus Lane,50701
Cadillac Drive,50701
California Street,50703
Camelot Drive,50702
Cameron Lane,50702
Campbell Avenue,50701
Candle Street,50701
Candlestick Lane,50703
Candlewick Road,50703
Canterbury Court,50702
Caras Road,50701
Cardinal Drive,50701
Carl Street,50703
Carnation Drive,50701
Carolina Avenue,50701
Carolina Avenue,50702
Carriage Hill Drive,50701
Carrington Avenue,50701
Carter Street,50701
Casper Avenue,50701
Cassi Ridge,50701
Castle Street,50701
Catalpa Lane,50703
Cataract Avenue,50702
Cedar Bend Street,50703
Cedar Heights Drive,50701
Cedar Knoll Circle,50701
Cedar Park Drive,50702
Cedar Street,50702
Cedar Street,50701
Cedar Terrace Drive,50702
Celebrity Court,50701
Center Street,50703
Chalmers Avenue,50701
Chapel Court,50702
Charles Street,50703
Charleston Court,50703
Charm Drive,50701
Charolais Drive,50701
Cherry Hills Drive,50703
Cherry Street,50703
Cherrywood Lane,50701
Chestnut Street,50703
Chicago Street,50701
Chickadee Court,50701
Chico Drive,50702
Christensen Road,50701
Cimmarron Lane,50701
Citrus Drive,50701
Clarissa Street,50701
Clark Street,50703
Clay Street,50703
Cleveland Street,50701
Clough Street,50701
Clover Lane,50701
Cloverdale Avenue,50703
Club House Lane,50701
Clyde Circle,50701
Coachman Drive,50701
Cobblestone Circle,50701
Colby Road,50701
Colorado Street,50703
Columbia Circle,50701
Columbia Street,50703
Columbus Drive,50702
Commercial Street,50702
Commercial Street,50701
Conard Road,50703
Conger Street,50703
Corning Avenue,50701
Cornwall Avenue,50702
Cortez Circle,50701
Cottage Grove Avenue,50703
Cottage Row Road,50701
Cottage Street,50703
Cottonwood Lane,50703
Country Lane,50701
County Highway C57,50703
County Highway C66,50703
County Highway D16,50703
County Highway D20,50703
County Highway D38,50701
County Highway V27,50701
County Highway V43,50703
County Highway V49,50703
County Road 54,50703
County Road Ridge,50701
Courier Street,50701
Court Avenue,50703
Courtland Street,50703
Covina Drive,50701
Crabapple Lane,50701
Crane Creek Road,50703
Creekside Court,50702
Crescent Place,50703
Crest Circle,50702
Crestline Avenue,50702
Crestridge Drive,50702
Crestview Avenue,50701
Crestwood Drive,50702
Crossroads Boulevard,50702
Crossway Drive,50701
Crown Court,50702
Cutler Street,50703
Dahlia Boulevard,50701
Daisy Drive,50701
Dakota Drive,50701
Dalton Drive,50701
Danbury Circle,50701
Dane Street,50703
Daniel Drive,50703
Darlene Court,50701
David Street,50703
Dawson Street,50703
Dearborn Avenue,50703
Decathlon Drive,50701
Deere Road,50701
del Matro Road,50701
Delane Avenue,50701
Dellwood Court,50701
Deloris Drive,50701
Dena Street,50702
Denver Street,50701
Denver Street,50702
Derbyshire Road,50701
Desoto Avenue,50701
Devonshire Drive,50701
Dewar Street,50703
Dewitt Road,50701
Diamond Drive,50701
Dietrick Street,50703
Division Street,50703
Dixon Drive,50701
Donald Road,50703
Doral Drive,50701
Doreen Avenue,50701
Doris Lane,50701
Dorothy Drive,50701
Douglas Drive,50701
Douglas Street,50703
Douglass Road,50703
Downing Avenue,50701
Downing Court,50701
Drexel Avenue,50701
Drynan Drive,50701
Dubois Drive,50701
Dubuque Road,50703
Dundee Avenue,50701
Dunham Place,50703
Duryea Street,50701
Dusty Road,50701
Dysart Road,50701
E 10th Street,50703
E 11th Street,50703
E 1st Street,50703
E 2nd Street,50703
E 3rd Street,50703
E 4th Street,50703
E 5th Street,50703
E 6th Street,50703
E 7th Street,50703
E 8th Street,50703
E 9th Street,50703
E Airline Highway,50703
E Argyle Street,50703
E Arlington Street,50703
E Bennington Road,50703
E Big Rock Road,50703
E Cedar Wapsi Road,50703
E Dale Street,50703
E Donald Street,50703
E Dunkerton Road,50703
E Eagle Road,50701
E Gresham Road,50703
E Griffith Road,50701
E Louise Street,50703
E Marquis Road,50703
E Mitchell Avenue,50702
E Mount Vernon Road,50703
E Mullan Avenue,50703
E Orange Road,50701
E Park Avenue,50703
E Parker Street,50703
E Quarry Road,50701
E Ridgeway Avenue,50702
E San Marnan Drive,50702
E Schrock Road,50701
E Shaulis Road,50702
E Shaulis Road,50701
E Tower Park Drive,50701
E Washburn Road,50702
E Washburn Road,50701
E Wellington Street,50701
Easley Street,50702
Eastgate Drive,50703
Easton Avenue,50702
Edgebrook Drive,50701
Edgemont Avenue,50702
Edgemont Circle,50702
Edgewood Drive,50701
Edison Street,50703
Edwards Street,50703
Eighmey Street,50703
Ekho Ridge,50701
Eldora Court,50701
Eldora Road,50701
Eleanor Drive,50701
Ellington Street,50701
Elliott Court,50702
Elm Drive,50701
Elm Street,50702
Elm Street,50703
Elm Street N,50703
Elmridge Road,50701
Elmwood Street,50701
Elston Avenue,50701
Emmons Road,50703
Englewood Avenue,50701
Enterprise Avenue,50702
Epping Place,50701
Eros Drive,50701
Essex Drive,50703
Esther Street,50703
Euclid Avenue,50701
Eureka Street,50702
Evergreen Avenue,50701
Excelsior Lane,50701
Faber Road,50701
Fairchild Street,50703
Fairfield Street,50703
Fairlane Avenue,50702
Fairview Avenue,50703
Fairway Lane,50701
Falcon Ridge,50702
Falcon Ridge,50701
Falls Avenue,50701
Farrington Road,50701
Fay Street,50703
Fereday Court,50701
Field Street,50701
Fisher Drive,50701
Flammang Court,50702
Flammang Drive,50702
Fletcher Avenue,50701
Fleur Drive,50701
Florence Street,50703
Flower Street,50701
Forest Avenue,50702
Forrester Avenue,50701
Fostoria Drive,50701
Foulk Road,50701
Foulk Road,50702
Four Seasons Drive,50701
Fowler Street,50703
Francis Drive,50702
Franklin Street,50703
Frederic Avenue,50701
Freedom Lane,50701
Fremont Street,50703
French Street,50703
Friendship Lane,50702
Fulton Street,50703
Gable Street,50703
Galloway Court,50701
Garden Avenue,50701
Gas Light Drive,50703
Gayle Street,50701
George Drive,50703
Georgetown Drive,50701
Gift Quality Avenue,50703
Gilbert Street,50703
Gilbertville Road,50701
Girsch Road,50701
Gladys Street,50702
Glencoe Avenue,50701
Glendale Street,50703
Glenny Avenue,50702
Glenwood Street,50703
Gloria Drive,50701
Golden Valley Drive,50703
Golinvaux Road,50701
Grace Drive,50701
Graceline Boulevard,50701
Gram Court,50701
Grandview Avenue,50703
Grant Avenue,50702
Gray Street,50702
Greenbrier Road,50703
Greenview Drive,50701
Greenwood Avenue,50701
Greyhound Drive,50701
Grimm Street,50701
Grover Court,50703
Guardian Road,50701
Guernsey Court,50702
Gunner Road,50701
Hackberry Lane,50703
Haines Avenue,50701
Hale Street,50702
Hall Avenue,50703
Halstead Street,50703
Hammond Avenue,50702
Hammond Avenue,50701
Hammond Court,50702
Hampshire Road,50701
Hanna Boulevard,50701
Harbin Drive,50701
Harmony Place,50701
Harrison Street,50703
Harrow Road,50701
Hartman Avenue,50701
Harwood Avenue,50701
Hawkeye Road,50701
Hawthorne Avenue,50702
Hawver Court,50703
Hazelwood Lane,50703
Heartland Hills Drive,50701
Heath Street,50703
Heather Lane,50701
Helen Road,50701
Helmet Avenue,50703
Henry Court,50702
Heritage Road,50703
Hess Road,50701
Hewitt Street,50703
Hickory Street,50701
High Street,50703
Highland Boulevard,50703
Highview Avenue,50702
Highway V37,50701
Hillcrest Road,50701
Hillside Avenue,50701
Hilltop Road,50701
Hoff Road,50701
Hogle Street,50703
Holly Lane,50702
Hollywood Avenue,50701
Holm Street,50702
Holstein Place,50701
Home Park Boulevard,50701
Home Plaza,50701
Homer Street,50703
Hoover Street,50702
Hope Avenue,50703
Hopkins Court,50703
Howard Avenue,50702
Howrey Avenue,50701
Hubbard Avenue,50701
Hughes Drive,50701
Hummingbird Circle,50702
Huntington Road,50701
Hyperion Drive,50703
Ida Street,50701
Idaho Street,50703
Independence Avenue,50703
Indian Creek Road,50701
Indiana Street,50703
Ingersoll Road,50701
Interstate 380,50702
Inverness Road,50701
Iowa Street,50703
Irene Court,50701
Irish Drive,50701
Irving Street,50703
Ivanhoe Road,50701
J R Drive,50702
Jackson Street,50703
James Street,50702
Jane Street,50701
Janet Drive,50703
Janney Avenue,50701
Jasmine Drive,50701
Jefferson Street,50701
Jefferson Street,50702
Jersey Lane,50701
Jill Drive,50701
Joan Drive,50702
Joder Avenue,50701
Jodi Drive,50701
John Street,50703
Johnson Street,50702
Jonathon Street,50701
Jordan Street,50701
Jordan Street,50703
Josephine Street,50703
Josie Ridge,50701
Joy Drive,50701
Julian Avenue,50701
Julie Court,50702
Juniper Drive,50702
K Line Drive,50701
Kahler Avenue,50703
Kaiser Court,50701
Kamille Court,50701
Kaplan Drive,50702
Kate Street,50701
Katie Ridge,50701
Katoski Drive,50701
Kelly Court,50701
Kenilworth Road,50701
Kennedy Lane,50701
Kent Circle,50701
Kenway Road,50701
Kenyon Avenue,50702
Kern Street,50703
Keystone Street,50703
Kimball Avenue,50702
Kimball Avenue,50701
Kimberly Drive,50701
Kimpston Circle,50701
King Drive,50702
Kingbard Boulevard,50701
Kingsley Avenue,50701
Kingswood Place,50701
Kipling Road,50701
Kirkwood Avenue,50701
Kittyhawk Drive,50701
Knoll Avenue,50701
Knollview Drive,50701
Knox Drive,50702
Kothe Street,50703
Kris Line Drive,50701
Kunz Drive,50701
Kyler Street,50703
la Porte Road,50702
Lackland Drive,50702
Lafayette Road,50701
Lafayette Road,50703
Lafayette Street,50703
Lake Avenue,50703
Lakeshore Drive,50703
Lakeside Street,50703
Lambeth Road,50701
Lamont Street,50703
Lane Street,50703
Langley Road,50702
Lantern Square,50701
Laporte Road,50702
Laporte Road,50701
Lark Lane,50701
Larkspur Drive,50701
Laurel Street,50702
Lavenz Lane,50701
Lawnhill Avenue,50701
Leaf Lane,50703
Leavitt Street,50702
Lee Street,50703
Leland Avenue,50701
Leo P Rooff Expy,50702
Leona Avenue,50702
Leonard Avenue,50703
Leslee Lane,50701
Lester Street,50703
Letsch Road,50701
Lewellyn Street,50703
Lewis Street,50703
Liberty Avenue,50702
Lichty Boulevard,50701
Lifestyles Drive,50702
Lillian Lane,50701
Lime Street,50703
Linbud Lane,50701
Lincoln Street,50703
Lincolnshire Road,50701
Lindale Avenue,50703
Linden Avenue,50703
Lindner Drive,50702
Linn Street,50703
Linwood Avenue,50702
Lisa Drive,50701
Litchfield Avenue,50703
Littlefield Road,50701
Livingston Lane,50703
Lobdell Road,50701
Locke Avenue,50702
Locust Street,50701
Locust Street,50702
Logan Avenue,50703
Lois Lane,50702
Loma Street,50701
Lombard Street,50702
Longfellow Avenue,50703
Longview Drive,50701
Loralin Drive,50701
Loretta Avenue,50702
Lorraine Avenue,50702
Lovejoy Avenue,50701
Lowder Road,50703
Lowell Avenue,50702
Lowes Boulevard,50701
Lucas Street,50703
Lulu Street,50701
Lunar Lane,50701
Luxley Drive,50701
Lynda Road,50701
Lynkaylee Drive,50701
Lyon Avenue,50702
Macallan Lane,50701
Madison Street,50703
Magnolia Pkwy,50701
Main Street,50701
Main Street,50703
Manor Street,50702
Manson Street,50703
Maple Street,50702
Maple Street,50703
Maplewood Street,50703
Mardelle Avenue,50702
Marigold Drive,50702
Marigold Drive,50701
Marjorie Lane,50701
Mark Drive,50701
Marlin Court,50703
Marnie Avenue,50701
Marsh Street,50701
Martha Street,50702
Martin Luther King Drive,50703
Martin Luther King Jr Drive,50703
Martin Road,50701
Mary Ellen Drive,50701
Maryland Avenue,50701
Matthew Drive,50701
Maxhelen Boulevard,50701
Maxine Avenue,50701
Maxwell Street,50701
May Street,50701
Mayfair Street,50701
Maynard Avenue,50701
Maywood Avenue,50703
Mc Kellar Road,50702
McKay Avenue,50703
McKellar Road,50702
McKevette Road,50701
McShane Avenue,50703
Meadow Lane,50701
Meadowbrook Lane,50701
Medina Road,50703
Melissa Lane,50702
Memory Lane,50701
Memory Lane,50702
Mendota Street,50702
Mercedes Bend,50701
Merle Road,50703
Merriman Street,50703
Michael Avenue,50703
Michelle Drive,50701
Midland Street,50703
Midlothian Boulevard,50701
Midport Boulevard,50703
Midway Drive,50701
Mildred Avenue,50703
Millerdale Court,50701
Milton Street,50703
Minnesota Street,50702
Mirada Drive,50701
Mirage Ridge,50701
Miriam Drive,50702
Mitchell Avenue,50702
Mobile Street,50703
Mockingbird Lane,50702
Mohawk Street,50703
Moir Street,50701
Moline Road,50703
Monroe Street,50703
Montclair Road,50703
Monterey Drive,50701
Montero Drive,50703
Monticello Avenue,50701
Montrose Road,50701
Morgan Road,50702
Morrow Street,50703
Mosley Street,50703
Mount Carmel Drive,50703
Mount Village Drive,50703
Mourning Dove Drive,50702
Movilla Street,50701
Mt Vernon Drive,50701
Muirfield Drive,50701
Mulberry Street,50703
Muncy Avenue,50701
N Barclay Street,50703
N Canfield Road,50703
N Elk Run Road,50703
N Evans Road,50703
N Hackett Road,50701
N Holgate Road,50703
N Nesbit Road,50703
N Oak Street,50701
N Pilot Grove Road,50703
N Raymond Road,50703
Nancy Road,50701
National Drive,50701
Navajo Lane,50702
Nevada Street,50703
Newell Street,50703
Newton Avenue,50703
Newton Street,50703
Niagara Drive,50701
Nicki Street,50701
Niles Street,50703
Norfolk Road,50701
Norimer Street,50701
Normandy Street,50703
Norris Court,50701
North Avenue,50702
Northeast Drive,50703
Northey Street,50703
Norton Street,50701
Norwood Avenue,50703
Nostalgia Lane,50701
Oak Avenue,50703
Oak Park Circle,50701
Oak Ridge Road,50702
Oak Street,50702
Oakcrest Drive,50701
Oakland Avenue,50703
Oaklawn Avenue,50701
Oakwood Drive,50703
Ohio Street,50702
Oleson Road,50702
Oliver Street,50703
Olympic Drive,50701
Olympic N,50701
Onawa Drive,50701
Oneida Street,50703
Ora Drive,50701
Orange Grove Avenue,50701
Orange Grove Road,50701
Orchard Street,50702
Oregon Street,50702
Oriole Avenue,50701
Osage Avenue,50703
Osage Road,50703
Paige Drive,50702
Palmer Drive,50702
Paloma Place,50701
Paper Mill Street,50702
Park Lane,50702
Park Road,50703
Parkhaven Drive,50701
Parkridge Road,50701
Parkview Boulevard,50702
Partridge Lane,50701
Patrick Court,50701
Patton Avenue,50702
Paul Avenue,50701
Pauline Place,50701
Pearl Lane,50702
Peek Street,50703
Pelican Road,50701
Penneys Street,50702
Peoples Square,50702
Peoria Street,50701
Periwinkle Way,50701
Pershing Road,50701
Peters Drive,50703
Petrie Road,50701
Pheasant Lane,50701
Phillips Street,50703
Pine Street,50702
Pine Street,50703
Pinecrest Circle,50703
Pinehurst Court,50701
Pinehurst Lane,50701
Pineview Place,50701
Pinnacle Place,50701
Pintail Drive,50702
Pioneer Road,50701
Plaza Circle,50701
Pleasant Street,50702
Pleasant Valley Drive,50701
Plymouth Avenue,50702
Polk Street,50703
Ponderosa Drive,50701
Poplar Avenue,50703
Porter Drive,50701
Power Street,50702
Prairie Meadow Court,50701
Prescotts Drive,50701
Prince Street,50703
Progress Avenue,50701
Prospect Avenue,50703
Prospect Boulevard,50701
Prospect Circle,50701
Quail Place,50701
Quigby Road,50701
Quincy Street,50703
Rachael Street,50701
Ragley Drive,50701
Railroad Avenue,50703
Rainbow Court,50701
Rainbow Drive,50701
Ralston Road,50703
Rampart Lane,50703
Ranchero Road,50701
Randall Street,50701
Randolph Street,50701
Randolph Street,50702
Rath Street,50703
Ravenwood Circle,50702
Ravenwood Road,50702
Reber Avenue,50701
Red Tail Drive,50701
Redwood Lane,50703
Reed Street,50703
Reflection Lane,50701
Regal Avenue,50702
Regent Street,50701
Remington Road,50703
Rhey Street,50703
Richland Drive,50701
Ricker Street,50703
Ridgemont Road,50701
Ridgeview Court,50701
Riding Time Street,50703
Riehl Street,50703
River Road,50701
River Street,50702
Riverside Drive,50703
Robin Lane,50701
Robin Road,50701
Roca Lane,50703
Rochelle Drive,50701
Rock Island Avenue,50701
Rocket Street,50702
Rodney Street,50703
Roland Avenue,50702
Rooff Avenue,50703
Rose Lane,50702
Rosebud Avenue,50701
Rosedale Avenue,50702
Rosehill Terrace,50701
Roseland Drive,50703
Rottinghaus Road,50701
Ruby Drive,50702
Rudi Place,50702
Rush Street,50701
Russell Road,50701
Ryan Street,50701
Ryter Road,50703
S 3rd Street,50703
S Barclay Street,50703
S Elk Run Road,50703
S Fork Lane,50701
S Hackett Road,50701
S Hill Drive,50701
S Holgate Road,50703
S Nesbit Road,50703
S Ordway Road,50703
S Pilot Grove Road,50703
S Raymond Road,50701
S Raymond Road,50703
Sabrina Circle,50703
Sage Road,50703
Sager Avenue,50701
Salisbury Street,50703
Samantha Lane,50703
San Marnan Access Drive,50701
San Marnan Access Drive,50702
San Marnan Drive,50702
San Mateo Drive,50703
San Salvador Drive,50702
Sans Souci Drive,50701
Santa Maria Drive,50702
Sarah Drive,50702
Saratoga Drive,50702
Saturn Drive,50701
Saxon Street,50703
Scenic Drive,50701
Schenk Road,50703
School Drive,50701
Schukei Road,50702
Scott Avenue,50701
Sears Street,50702
Seaward Drive,50703
Seneca Avenue,50701
September Drive,50701
Sergeant Road,50701
Shady Lane,50701
Shamrock Drive,50701
Sheerer Avenue,50701
Sheffield Avenue,50702
Sheldon Street,50701
Sheridan Road,50701
Sherman Avenue,50703
Sherwood Court,50701
Sherwood Drive,50701
Shilliam Avenue,50703
Shirey Way,50701
Shopper's Boulevard,50701
Short Street,50703
Short Street,50702
Shultz Street,50703
Sidehill Drive,50701
Sierra Drive,50701
Silver Lake Drive,50702
Sioux Street,50702
Sky Line Drive,50701
Skyview Road,50703
Smith Street,50703
Solar Drive,50701
Sonya Drive,50702
Soo Line Drive,50701
Soppe Farm Road,50702
South Street,50701
South Street,50702
Southbrooke Drive,50702
Southcrest Drive,50702
Southtown Drive,50702
Spieker Road,50701
Spruce Lane,50703
St Albans Street,50703
St Andrews Avenue,50701
St Croix Drive,50703
St Francis Drive,50702
St John Avenue,50703
Stanley Court,50703
Stardust Drive,50701
Starlite Boulevard,50701
Starr Drive,50703
State Highway 21,50701
State Highway 281,50703
State Highway 297,50701
State Highway 297,50703
State Highway 57,50703
State Street,50703
Steely Street,50703
Stephan Avenue,50701
Steward Drive,50701
Stewart Avenue,50701
Stokes Drive,50703
Stone Quarry Road,50703
Stratford Avenue,50701
Suburban Drive,50702
Sullivan Avenue,50701
Sullivan Avenue,50702
Summerland Drive,50701
Summit Avenue,50701
Sumner Street,50703
Sunnyside Avenue,50701
Sunrise Boulevard,50701
Sunset Road,50701
Superior Way,50703
Sweet Water Circle,50701
Sycamore Street,50703
Sylvia Avenue,50701
Talcott Court,50702
Tami Terrace,50702
Tarrymore Drive,50701
Taylor Avenue,50703
Temple Avenue,50702
Terrace Drive,50702
Teton Drive,50701
Texas Street,50702
Thistledown Drive,50702
Thomas Avenue,50703
Thompson Avenue,50703
Thorndale Avenue,50701
Thorson Avenue,50703
Thrush Drive,50701
Tiffany Place,50701
Tilbury Road,50701
Touchae Street,50702
Tower Park Drive,50701
Tracey Drive,50701
Trent Lane,50701
Trible Road,50702
Tropic Lane,50702
Tucson Drive,50702
Tulip Lane,50701
Turnberry Drive,50701
Twin City Way,50701
Twin Pines,50701
Tyler Ridge,50701
University Av Frontage Road,50701
University Avenue,50701
University Avenue Frontage Road,50701
Upland Drive,50701
Upton Avenue,50701
US Highway 20,50701
US Highway 218,50701
US Highway 218,50703
US Highway 218,50702
US Highway 63,50701
US Highway 63,50703
Utica Street,50703
Valdez Drive,50701
Valley Drive,50701
Valley Road,50701
Van Buren Street,50703
Vaughn Street,50701
Vegas Court,50701
Vera Drive,50701
Vermont Street,50701
Vermont Street,50702
Vernon Avenue,50701
Village Place,50702
Vincent Road,50701
Vine Street,50703
Vintage Lane,50701
Vinton Street,50703
Violet Drive,50701
Virden Street,50701
Virginia Street,50703
Vold Drive,50703
W 10th Street,50702
W 11th Street,50702
W 12th Street,50702
W 13th Street,50702
W 14th Street,50702
W 15th Street,50702
W 16th Street,50702
W 17th Street,50702
W 18th Street,50702
W 1st Street,50701
W 20th Street,50702
W 21st Street,50702
W 2nd Street,50701
W 3rd Street,50701
W 4th Street,50701
W 4th Street,50702
W 5th Street,50701
W 5th Street,50702
W 6th Street,50701
W 6th Street,50702
W 7th Street,50702
W 8th Street,50702
W 9th Street,50702
W Airline Highway,50703
W Argyle Street,50703
W Arlington Street,50703
W Bennington Road,50703
W Big Rock Road,50703
W Cedar Wapsi Road,50703
W Conger Street,50701
W Dale Street,50703
W Donald Street,50703
W Dunkerton Road,50703
W Eagle Road,50701
W Gresham Road,50703
W Griffith Road,50701
W Louise Street,50703
W Mitchell Avenue,50701
W Mount Vernon Road,50703
W Mullan Avenue,50701
W Mullan Avenue,50703
W Orange Road,50701
W Park Avenue,50701
W Park Lane,50701
W Parker Street,50703
W Quarry Road,50701
W Ridge Drive,50701
W Ridgeway Avenue,50701
W San Marnan Drive,50701
W Schrock Road,50701
W Shaulis Road,50701
W Tower Park Drive,50701
W Washburn Road,50701
W Washington Street,50703
W Wellington Street,50701
Wagner Road,50703
Wakonda Drive,50703
Walker Drive,50702
Walker Street,50703
Wallace Place,50702
Wallgate Avenue,50701
Walnut Street,50703
Warneka Street,50703
Warren Drive,50703
Washington Street,50701
Washington Street,50702
Water Street,50703
Wcf&n Drive,50703
Webster Street,50703
Wedgewood Road,50701
Weiden Road,50701
Weis Court,50702
Wellington Court,50702
Wellington Street,50702
Wells Avenue,50703
Wembley Road,50701
Wendell Court,50703
Wendy Road,50701
Wenner Drive,50701
Wes Drive,50701
Westbourne Road,50701
Westchester Road,50701
Western Avenue,50701
Western Avenue,50702
Westfield Avenue,50701
Westland Avenue,50701
Westview Avenue,50701
Wheeler Drive,50701
Whispering Oaks Lane,50701
Whistling Straight Lane,50701
Whittier Avenue,50703
Wilbur Avenue,50701
Wilby Street,50703
Wildwood Road,50702
William Drive,50701
Williston Avenue,50702
Willow Street,50702
Willow Street,50703
Wilshire Avenue,50701
Wilshire Drive,50703
Wilson Drive,50703
Windsor Drive,50701
Winghaven Drive,50701
Winona Street,50702
Winston Place,50701
Winter Ridge Road,50701
Wisconsin Street,50702
Wisner Drive,50702
Woodbridge Street,50701
Woodcrest Drive,50701
Woodlawn Road,50701
Woodmayr Drive,50703
Woodside Drive,50701
Woodstock Road,50701
Wren Road,50701
Wycombe Street,50703
Wyoming Street,50703
Wyth Road,50703
Young Road,50701
Youngblut Road,50701
Zachary Court,50701
Zamora Drive,50703
Zelmar Drive,50701
Zuma Street,50703
Molberry Street, 50704